INSERT INTO `roles` (`id`, `admin_level`, `name`) VALUES (1, 0, 'Usuario');
INSERT INTO `roles` (`id`, `admin_level`, `name`) VALUES (2, 25, 'Auditor');
INSERT INTO `roles` (`id`, `admin_level`, `name`) VALUES (3, 100, 'Administrador');

INSERT INTO `users` (`id`, `activo`, `createdat`, `dni`, `email`, `first_name`, `last_name`, `password`, `role_id`, `type_dni`, `updatedat`, `user_name`) VALUES (1, b'1', '2021-05-26', '35000000', 'admin@admin.com', 'Administrador', 'UNLa', '81DC9BDB52D04DC20036DBD8313ED055', '3', 'DNI', '2021-05-26', 'Admin');
INSERT INTO `users` (`id`, `activo`, `createdat`, `dni`, `email`, `first_name`, `last_name`, `password`, `role_id`, `type_dni`, `updatedat`, `user_name`) VALUES (2, b'1', NULL, '30123456', 'auditor@auditor.com', 'Auditor', 'UNLa', '81DC9BDB52D04DC20036DBD8313ED055', '2', 'DNI', '2021-05-26', 'Auditor');
INSERT INTO `users` (`id`, `activo`, `createdat`, `dni`, `email`, `first_name`, `last_name`, `password`, `role_id`, `type_dni`, `updatedat`, `user_name`) VALUES (3, b'1', NULL, '24217951', 'usuario@usuario.com', 'Usuario', 'UNLa', '81DC9BDB52D04DC20036DBD8313ED055', '1', 'DNI', '2021-05-26', 'Usuario');
INSERT INTO `users` (`id`, `activo`, `createdat`, `dni`, `email`, `first_name`, `last_name`, `password`, `role_id`, `type_dni`, `updatedat`, `user_name`) VALUES (4, b'1', '2021-05-26', '45336325', 'qojugonoqy@mailinator.com', 'Carolyn', 'Grimes', '81DC9BDB52D04DC20036DBD8313ED055', '1', 'LE', '2021-05-26', 'cevijute');
INSERT INTO `users` (`id`, `activo`, `createdat`, `dni`, `email`, `first_name`, `last_name`, `password`, `role_id`, `type_dni`, `updatedat`, `user_name`) VALUES (5, b'1', '2021-05-26', '33608298', 'galyj@mailinator.com', 'Beverly', 'Christian', '81DC9BDB52D04DC20036DBD8313ED055', '1', 'DNI', '2021-05-26', 'cetej');
INSERT INTO `users` (`id`, `activo`, `createdat`, `dni`, `email`, `first_name`, `last_name`, `password`, `role_id`, `type_dni`, `updatedat`, `user_name`) VALUES (6, b'1', '2021-05-26', '43578720', 'dohe@mailinator.com', 'Amela', 'Deleon', '81DC9BDB52D04DC20036DBD8313ED055', '1', 'LE', '2021-05-26', 'fuhepe');
INSERT INTO `users` (`id`, `activo`, `createdat`, `dni`, `email`, `first_name`, `last_name`, `password`, `role_id`, `type_dni`, `updatedat`, `user_name`) VALUES (7, b'1', '2021-05-26', '19878753', 'lupajy@mailinator.com', 'Melinda', 'Osborne', '81DC9BDB52D04DC20036DBD8313ED055', '1', 'LE', '2021-05-26', 'tejar');
INSERT INTO `users` (`id`, `activo`, `createdat`, `dni`, `email`, `first_name`, `last_name`, `password`, `role_id`, `type_dni`, `updatedat`, `user_name`) VALUES (8, b'1', NULL, '44927973', 'xijynyk@mailinator.com', 'Barbara', 'Moses', '81DC9BDB52D04DC20036DBD8313ED055', '1', 'LE', '2021-05-26', 'pepapo');
INSERT INTO `users` (`id`, `activo`, `createdat`, `dni`, `email`, `first_name`, `last_name`, `password`, `role_id`, `type_dni`, `updatedat`, `user_name`) VALUES (9, b'1', '2021-05-26', '4607815', 'qubynux@mailinator.com', 'Sophia', 'Guthrie', '81DC9BDB52D04DC20036DBD8313ED055', '1', 'DNI', '2021-05-26', 'tuxiturato');
INSERT INTO `users` (`id`, `activo`, `createdat`, `dni`, `email`, `first_name`, `last_name`, `password`, `role_id`, `type_dni`, `updatedat`, `user_name`) VALUES (10, b'1', NULL, '27512426', 'winiqomo@mailinator.com', 'Willow', 'Key', '81DC9BDB52D04DC20036DBD8313ED055', '1', 'DNI', '2021-05-26', 'gatonozo');
INSERT INTO `users` (`id`, `activo`, `createdat`, `dni`, `email`, `first_name`, `last_name`, `password`, `role_id`, `type_dni`, `updatedat`, `user_name`) VALUES (11, b'1', '2021-05-26', '1630488', 'ficyrigew@mailinator.com', 'Maris', 'Parks', '81DC9BDB52D04DC20036DBD8313ED055', '1', 'CI', '2021-05-26', 'genut');
INSERT INTO `users` (`id`, `activo`, `createdat`, `dni`, `email`, `first_name`, `last_name`, `password`, `role_id`, `type_dni`, `updatedat`, `user_name`) VALUES (12, b'1', '2021-05-26', '16054744', 'hivip@mailinator.com', 'Madeline', 'Carrillo', '81DC9BDB52D04DC20036DBD8313ED055', '1', 'DNI', '2021-05-26', 'lyhako');
INSERT INTO `users` (`id`, `activo`, `createdat`, `dni`, `email`, `first_name`, `last_name`, `password`, `role_id`, `type_dni`, `updatedat`, `user_name`) VALUES (13, b'1', '2021-05-26', '11882760', 'qahohyl@mailinator.com', 'Marshall', 'Branch', '81DC9BDB52D04DC20036DBD8313ED055', '1', 'CI', '2021-05-26', 'cexab');
INSERT INTO `users` (`id`, `activo`, `createdat`, `dni`, `email`, `first_name`, `last_name`, `password`, `role_id`, `type_dni`, `updatedat`, `user_name`) VALUES (14, b'1', '2021-05-26', '41415251', 'jakibagy@mailinator.com', 'Gail', 'Bradford', '81DC9BDB52D04DC20036DBD8313ED055', '1', 'DNI', '2021-05-26', 'vunuvefipu');
INSERT INTO `users` (`id`, `activo`, `createdat`, `dni`, `email`, `first_name`, `last_name`, `password`, `role_id`, `type_dni`, `updatedat`, `user_name`) VALUES (15, b'1', '2021-05-26', '3160679', 'fisa@mailinator.com', 'Tatum', 'Perry', '81DC9BDB52D04DC20036DBD8313ED055', '1', 'LE', '2021-05-26', 'lagima');
INSERT INTO `users` (`id`, `activo`, `createdat`, `dni`, `email`, `first_name`, `last_name`, `password`, `role_id`, `type_dni`, `updatedat`, `user_name`) VALUES (16, b'1', '2021-05-26', '45704139', 'jubavyze@mailinator.com', 'Silas', 'Hicks', '81DC9BDB52D04DC20036DBD8313ED055', '1', 'LC', '2021-05-26', 'nikij');
INSERT INTO `users` (`id`, `activo`, `createdat`, `dni`, `email`, `first_name`, `last_name`, `password`, `role_id`, `type_dni`, `updatedat`, `user_name`) VALUES (17, b'1', '2021-05-26', '44081923', 'byjodag@mailinator.com', 'Gail', 'Rogers', '81DC9BDB52D04DC20036DBD8313ED055', '1', 'LC', '2021-05-26', 'valycexyhe');
INSERT INTO `users` (`id`, `activo`, `createdat`, `dni`, `email`, `first_name`, `last_name`, `password`, `role_id`, `type_dni`, `updatedat`, `user_name`) VALUES (18, b'1', '2021-05-26', '17290436', 'pucufow@mailinator.com', 'Denton', 'Bradley', '81DC9BDB52D04DC20036DBD8313ED055', '1', 'DNI', '2021-05-26', 'hikowyjeta');
INSERT INTO `users` (`id`, `activo`, `createdat`, `dni`, `email`, `first_name`, `last_name`, `password`, `role_id`, `type_dni`, `updatedat`, `user_name`) VALUES (19, b'1', '2021-05-26', '9566353', 'quxavufyk@mailinator.com', 'Zelenia', 'Middleton', '81DC9BDB52D04DC20036DBD8313ED055', '1', 'LC', '2021-05-26', 'vijazufa');
INSERT INTO `users` (`id`, `activo`, `createdat`, `dni`, `email`, `first_name`, `last_name`, `password`, `role_id`, `type_dni`, `updatedat`, `user_name`) VALUES (20, b'1', '2021-05-26', '24257959', 'viro@mailinator.com', 'Eaton', 'Herring', '81DC9BDB52D04DC20036DBD8313ED055', '1', 'LE', '2021-05-26', 'jynyryjek');
INSERT INTO `users` (`id`, `activo`, `createdat`, `dni`, `email`, `first_name`, `last_name`, `password`, `role_id`, `type_dni`, `updatedat`, `user_name`) VALUES (21, b'1', '2021-05-26', '47785709', 'litepiqo@mailinator.com', 'Dexter', 'Newman', '81DC9BDB52D04DC20036DBD8313ED055', '1', 'LE', '2021-05-26', 'xutijilyda');
INSERT INTO `users` (`id`, `activo`, `createdat`, `dni`, `email`, `first_name`, `last_name`, `password`, `role_id`, `type_dni`, `updatedat`, `user_name`) VALUES (22, b'1', '2021-05-26', '20095680', 'cikysypy@mailinator.com', 'Christine', 'Knight', '81DC9BDB52D04DC20036DBD8313ED055', '1', 'LE', '2021-05-26', 'nybar');
INSERT INTO `users` (`id`, `activo`, `createdat`, `dni`, `email`, `first_name`, `last_name`, `password`, `role_id`, `type_dni`, `updatedat`, `user_name`) VALUES (23, b'1', '2021-05-26', '32318983', 'pabadug@mailinator.com', 'Damian', 'Salazar', '81DC9BDB52D04DC20036DBD8313ED055', '1', 'LC', '2021-05-26', 'lutyh');
INSERT INTO `users` (`id`, `activo`, `createdat`, `dni`, `email`, `first_name`, `last_name`, `password`, `role_id`, `type_dni`, `updatedat`, `user_name`) VALUES (24, b'1', '2021-05-26', '39538486', 'ryvucux@mailinator.com', 'Leah', 'Donaldson', '81DC9BDB52D04DC20036DBD8313ED055', '1', 'LC', '2021-05-26', 'cibomy');
INSERT INTO `users` (`id`, `activo`, `createdat`, `dni`, `email`, `first_name`, `last_name`, `password`, `role_id`, `type_dni`, `updatedat`, `user_name`) VALUES (25, b'1', '2021-05-26', '32424531', 'lofi@mailinator.com', 'Blair', 'Sears', '81DC9BDB52D04DC20036DBD8313ED055', '2', 'DNI', '2021-05-26', 'toleg');
INSERT INTO `users` (`id`, `activo`, `createdat`, `dni`, `email`, `first_name`, `last_name`, `password`, `role_id`, `type_dni`, `updatedat`, `user_name`) VALUES (26, b'1', '2021-05-26', '33296656', 'ruze@mailinator.com', 'Kevin', 'Valenzuela', '81DC9BDB52D04DC20036DBD8313ED055', '3', 'LE', '2021-05-26', 'bixafaliro');
INSERT INTO `users` (`id`, `activo`, `createdat`, `dni`, `email`, `first_name`, `last_name`, `password`, `role_id`, `type_dni`, `updatedat`, `user_name`) VALUES (27, b'1', '2021-05-26', '25103869', 'filefycozy@mailinator.com', 'Shelby', 'Mullen', '81DC9BDB52D04DC20036DBD8313ED055', '1', 'LE', '2021-05-26', 'nesulakode');
INSERT INTO `users` (`id`, `activo`, `createdat`, `dni`, `email`, `first_name`, `last_name`, `password`, `role_id`, `type_dni`, `updatedat`, `user_name`) VALUES (28, b'1', '2021-05-26', '24959206', 'vamy@mailinator.com', 'Willow', 'Bernard', '81DC9BDB52D04DC20036DBD8313ED055', '2', 'DNI', '2021-05-26', 'rysihalih');
INSERT INTO `users` (`id`, `activo`, `createdat`, `dni`, `email`, `first_name`, `last_name`, `password`, `role_id`, `type_dni`, `updatedat`, `user_name`) VALUES (29, b'1', '2021-05-26', '49296249', 'hewuwafy@mailinator.com', 'Lars', 'Bradshaw', '81DC9BDB52D04DC20036DBD8313ED055', '1', 'LC', '2021-05-26', 'hegubyqa');
INSERT INTO `users` (`id`, `activo`, `createdat`, `dni`, `email`, `first_name`, `last_name`, `password`, `role_id`, `type_dni`, `updatedat`, `user_name`) VALUES (30, b'1', '2021-05-26', '11171015', 'tykobu@mailinator.com', 'Moses', 'Andrews', '81DC9BDB52D04DC20036DBD8313ED055', '1', 'CI', '2021-05-26', 'zucynetaw');

INSERT INTO `lugares` (`id_lugar`, `codigo_postal`, `createdat`, `lugar`, `updatedat`) VALUES (1, '1870', '2021-06-02 12:49:28.000000', 'Avellaneda', '2021-06-02 12:49:31.000000');
INSERT INTO `lugares` (`id_lugar`, `codigo_postal`, `createdat`, `lugar`, `updatedat`) VALUES (2, '1828', '2021-06-02 12:49:51.000000', 'Banfield', '2021-06-02 12:49:54.000000');
INSERT INTO `lugares` (`id_lugar`, `codigo_postal`, `createdat`, `lugar`, `updatedat`) VALUES (3, '1824', '2021-06-02 12:50:14.000000', 'Lanus', '2021-06-02 12:50:16.000000');
INSERT INTO `lugares` (`id_lugar`, `codigo_postal`, `createdat`, `lugar`, `updatedat`) VALUES (4, '1864', '2021-06-02 12:50:14.000000', 'Alejandro Korn', '2021-06-02 12:50:16.000000');
INSERT INTO `lugares` (`id_lugar`, `codigo_postal`, `createdat`, `lugar`, `updatedat`) VALUES (5, '1832', '2021-06-02 12:51:13.000000', 'Lomas De Zamora', '2021-06-02 12:51:15.000000');
INSERT INTO `lugares` (`id_lugar`, `codigo_postal`, `createdat`, `lugar`, `updatedat`) VALUES (6, '1804', '2021-06-02 12:51:48.000000', 'Ezeiza', '2021-06-01 12:51:50.000000');
INSERT INTO `lugares` (`id_lugar`, `codigo_postal`, `createdat`, `lugar`, `updatedat`) VALUES (7, '1842', '2021-06-02 12:52:09.000000', 'Monte Grande', '2021-06-02 12:52:10.000000');
INSERT INTO `lugares` (`id_lugar`, `codigo_postal`, `createdat`, `lugar`, `updatedat`) VALUES (8, '1878', '2021-06-02 12:52:44.000000', 'Quilmes', '2021-06-02 12:52:48.000000');
INSERT INTO `lugares` (`id_lugar`, `codigo_postal`, `createdat`, `lugar`, `updatedat`) VALUES (9, '1900', '2021-06-02 12:53:04.000000', 'La Plata', '2021-06-02 12:53:07.000000');
INSERT INTO `lugares` (`id_lugar`, `codigo_postal`, `createdat`, `lugar`, `updatedat`) VALUES (10, '1714', '2021-06-02 12:53:31.000000', 'Ituzaingo', '2021-06-03 12:53:32.000000');

INSERT INTO `personas` (`id_persona`, `apellido`, `createdat`, `dni`, `nombre`, `updatedat`) VALUES (1, 'Ramirez', '2021-06-04 18:19:53.000000', 10000000, 'Juan', '2021-06-03 18:19:59.000000');
INSERT INTO `personas` (`id_persona`, `apellido`, `createdat`, `dni`, `nombre`, `updatedat`) VALUES (2, 'Perez', '2021-06-04 18:20:09.000000', 1000000, 'Natalia', '2021-06-04 18:20:16.000000');
INSERT INTO `personas` (`id_persona`, `apellido`, `createdat`, `dni`, `nombre`, `updatedat`) VALUES (3, 'Sanchez', '2021-06-04 18:20:33.000000', 99999999, 'Julian', '2021-06-04 18:20:42.000000');
INSERT INTO `personas` (`id_persona`, `apellido`, `createdat`, `dni`, `nombre`, `updatedat`) VALUES (4, 'Montalvo', '2021-06-04 18:20:53.000000', 10101010, 'Monica', '2021-06-04 18:21:14.000000');
INSERT INTO `personas` (`id_persona`, `apellido`, `createdat`, `dni`, `nombre`, `updatedat`) VALUES (5, 'Nogueira', '2021-06-04 18:21:26.000000', 11111111, 'Ricardo', '2021-06-04 18:21:14.000000');

INSERT INTO `rodados` (`id_rodado`, `createdat`, `dominio`, `updatedat`, `vehiculo`) VALUES (1, '2021-06-04 18:22:26.000000', 'AB123AB', '2021-06-04 18:22:30.000000', 'Automovil');
INSERT INTO `rodados` (`id_rodado`, `createdat`, `dominio`, `updatedat`, `vehiculo`) VALUES (2, '2021-06-04 18:22:50.000000', 'AB000AB', '2021-06-04 18:22:54.000000', 'Camion');
INSERT INTO `rodados` (`id_rodado`, `createdat`, `dominio`, `updatedat`, `vehiculo`) VALUES (3, '2021-06-04 18:23:04.000000', 'ABC123', '2021-06-04 18:23:10.000000', 'Moto');

INSERT INTO `permisos` (`id_permiso`, `createdat`, `fecha`, `updatedat`, `id_persona`) VALUES (1, '2021-06-04 23:23:48.245000', '2021-06-29', '2021-06-04 23:23:48.245000', 4);
INSERT INTO `permisos` (`id_permiso`, `createdat`, `fecha`, `updatedat`, `id_persona`) VALUES (2, '2021-06-04 23:24:52.238000', '2021-06-10', '2021-06-04 23:24:52.238000', 5);
INSERT INTO `permisos` (`id_permiso`, `createdat`, `fecha`, `updatedat`, `id_persona`) VALUES (3, '2021-06-04 23:24:58.158000', '2021-06-24', '2021-06-04 23:24:58.158000', 5);
INSERT INTO `permisos` (`id_permiso`, `createdat`, `fecha`, `updatedat`, `id_persona`) VALUES (4, '2021-06-04 23:25:00.279000', '2021-06-29', '2021-06-04 23:25:00.279000', 5);
INSERT INTO `permisos` (`id_permiso`, `createdat`, `fecha`, `updatedat`, `id_persona`) VALUES (5, '2021-06-04 23:25:02.449000', '2021-07-08', '2021-06-04 23:25:02.449000', 5);
INSERT INTO `permisos` (`id_permiso`, `createdat`, `fecha`, `updatedat`, `id_persona`) VALUES (6, '2021-06-04 23:25:26.584000', '2021-07-08', '2021-06-04 23:25:26.584000', 5);
INSERT INTO `permisos` (`id_permiso`, `createdat`, `fecha`, `updatedat`, `id_persona`) VALUES (7, '2021-06-04 23:25:29.469000', '2021-07-22', '2021-06-04 23:25:29.469000', 5);
INSERT INTO `permisos` (`id_permiso`, `createdat`, `fecha`, `updatedat`, `id_persona`) VALUES (8, '2021-06-04 23:25:35.421000', '2021-07-26', '2021-06-04 23:25:35.421000', 5);
INSERT INTO `permisos` (`id_permiso`, `createdat`, `fecha`, `updatedat`, `id_persona`) VALUES (9, '2021-06-04 23:26:10.801000', '2021-06-10', '2021-06-04 23:26:10.801000', 4);
INSERT INTO `permisos` (`id_permiso`, `createdat`, `fecha`, `updatedat`, `id_persona`) VALUES (10, '2021-06-04 23:27:15.179000', '2021-06-14', '2021-06-04 23:27:15.179000', 3);
INSERT INTO `permisos` (`id_permiso`, `createdat`, `fecha`, `updatedat`, `id_persona`) VALUES (11, '2021-06-04 23:27:20.618000', '2021-07-14', '2021-06-04 23:27:20.618000', 3);
INSERT INTO `permisos` (`id_permiso`, `createdat`, `fecha`, `updatedat`, `id_persona`) VALUES (12, '2021-06-04 23:27:44.064000', '2021-07-24', '2021-06-04 23:27:44.064000', 3);
INSERT INTO `permisos` (`id_permiso`, `createdat`, `fecha`, `updatedat`, `id_persona`) VALUES (13, '2021-06-04 23:28:01.646000', '2021-06-25', '2021-06-04 23:28:01.646000', 3);
INSERT INTO `permisos` (`id_permiso`, `createdat`, `fecha`, `updatedat`, `id_persona`) VALUES (14, '2021-06-04 23:28:48.584000', '2021-06-30', '2021-06-04 23:28:48.584000', 2);
INSERT INTO `permisos` (`id_permiso`, `createdat`, `fecha`, `updatedat`, `id_persona`) VALUES (15, '2021-06-04 23:28:55.156000', '2021-06-29', '2021-06-04 23:28:55.156000', 2);
INSERT INTO `permisos` (`id_permiso`, `createdat`, `fecha`, `updatedat`, `id_persona`) VALUES (16, '2021-06-04 23:28:58.948000', '2021-06-11', '2021-06-04 23:28:58.948000', 2);
INSERT INTO `permisos` (`id_permiso`, `createdat`, `fecha`, `updatedat`, `id_persona`) VALUES (17, '2021-06-04 23:29:26.919000', '2021-06-17', '2021-06-04 23:29:26.919000', 1);
INSERT INTO `permisos` (`id_permiso`, `createdat`, `fecha`, `updatedat`, `id_persona`) VALUES (18, '2021-06-04 23:29:29.704000', '2021-06-22', '2021-06-04 23:29:29.704000', 1);
INSERT INTO `permisos` (`id_permiso`, `createdat`, `fecha`, `updatedat`, `id_persona`) VALUES (19, '2021-06-04 23:29:31.798000', '2021-06-05', '2021-06-04 23:29:31.798000', 1);
INSERT INTO `permisos` (`id_permiso`, `createdat`, `fecha`, `updatedat`, `id_persona`) VALUES (20, '2021-06-04 23:29:50.656000', '2021-06-07', '2021-06-04 23:29:50.656000', 1);
INSERT INTO `permisos` (`id_permiso`, `createdat`, `fecha`, `updatedat`, `id_persona`) VALUES (21, '2021-06-04 23:29:52.863000', '2021-06-10', '2021-06-04 23:29:52.863000', 1);
INSERT INTO `permisos` (`id_permiso`, `createdat`, `fecha`, `updatedat`, `id_persona`) VALUES (22, '2021-06-04 23:29:55.473000', '2021-06-22', '2021-06-04 23:29:55.473000', 1);
INSERT INTO `permisos` (`id_permiso`, `createdat`, `fecha`, `updatedat`, `id_persona`) VALUES (23, '2021-06-04 23:30:06.774000', '2021-06-23', '2021-06-04 23:30:06.774000', 1);
INSERT INTO `permisos` (`id_permiso`, `createdat`, `fecha`, `updatedat`, `id_persona`) VALUES (24, '2021-06-04 23:30:22.847000', '2021-06-18', '2021-06-04 23:30:22.847000', 1);
INSERT INTO `permisos` (`id_permiso`, `createdat`, `fecha`, `updatedat`, `id_persona`) VALUES (25, '2021-06-04 23:30:34.838000', '2021-06-13', '2021-06-04 23:30:34.838000', 1);

INSERT INTO `permisoxlugar` (`fk_permiso`, `fk_lugar`) VALUES (2, 1);
INSERT INTO `permisoxlugar` (`fk_permiso`, `fk_lugar`) VALUES (3, 1);
INSERT INTO `permisoxlugar` (`fk_permiso`, `fk_lugar`) VALUES (4, 1);
INSERT INTO `permisoxlugar` (`fk_permiso`, `fk_lugar`) VALUES (5, 1);
INSERT INTO `permisoxlugar` (`fk_permiso`, `fk_lugar`) VALUES (6, 1);
INSERT INTO `permisoxlugar` (`fk_permiso`, `fk_lugar`) VALUES (7, 1);
INSERT INTO `permisoxlugar` (`fk_permiso`, `fk_lugar`) VALUES (8, 1);
INSERT INTO `permisoxlugar` (`fk_permiso`, `fk_lugar`) VALUES (9, 1);
INSERT INTO `permisoxlugar` (`fk_permiso`, `fk_lugar`) VALUES (10, 1);
INSERT INTO `permisoxlugar` (`fk_permiso`, `fk_lugar`) VALUES (11, 1);
INSERT INTO `permisoxlugar` (`fk_permiso`, `fk_lugar`) VALUES (12, 1);
INSERT INTO `permisoxlugar` (`fk_permiso`, `fk_lugar`) VALUES (20, 1);
INSERT INTO `permisoxlugar` (`fk_permiso`, `fk_lugar`) VALUES (21, 1);
INSERT INTO `permisoxlugar` (`fk_permiso`, `fk_lugar`) VALUES (22, 1);
INSERT INTO `permisoxlugar` (`fk_permiso`, `fk_lugar`) VALUES (23, 1);
INSERT INTO `permisoxlugar` (`fk_permiso`, `fk_lugar`) VALUES (24, 1);
INSERT INTO `permisoxlugar` (`fk_permiso`, `fk_lugar`) VALUES (1, 2);
INSERT INTO `permisoxlugar` (`fk_permiso`, `fk_lugar`) VALUES (2, 3);
INSERT INTO `permisoxlugar` (`fk_permiso`, `fk_lugar`) VALUES (3, 3);
INSERT INTO `permisoxlugar` (`fk_permiso`, `fk_lugar`) VALUES (4, 3);
INSERT INTO `permisoxlugar` (`fk_permiso`, `fk_lugar`) VALUES (5, 3);
INSERT INTO `permisoxlugar` (`fk_permiso`, `fk_lugar`) VALUES (14, 4);
INSERT INTO `permisoxlugar` (`fk_permiso`, `fk_lugar`) VALUES (15, 4);
INSERT INTO `permisoxlugar` (`fk_permiso`, `fk_lugar`) VALUES (16, 4);
INSERT INTO `permisoxlugar` (`fk_permiso`, `fk_lugar`) VALUES (1, 5);
INSERT INTO `permisoxlugar` (`fk_permiso`, `fk_lugar`) VALUES (9, 5);
INSERT INTO `permisoxlugar` (`fk_permiso`, `fk_lugar`) VALUES (17, 5);
INSERT INTO `permisoxlugar` (`fk_permiso`, `fk_lugar`) VALUES (18, 5);
INSERT INTO `permisoxlugar` (`fk_permiso`, `fk_lugar`) VALUES (19, 5);
INSERT INTO `permisoxlugar` (`fk_permiso`, `fk_lugar`) VALUES (6, 6);
INSERT INTO `permisoxlugar` (`fk_permiso`, `fk_lugar`) VALUES (7, 6);
INSERT INTO `permisoxlugar` (`fk_permiso`, `fk_lugar`) VALUES (8, 6);
INSERT INTO `permisoxlugar` (`fk_permiso`, `fk_lugar`) VALUES (25, 6);
INSERT INTO `permisoxlugar` (`fk_permiso`, `fk_lugar`) VALUES (14, 7);
INSERT INTO `permisoxlugar` (`fk_permiso`, `fk_lugar`) VALUES (15, 7);
INSERT INTO `permisoxlugar` (`fk_permiso`, `fk_lugar`) VALUES (16, 7);
INSERT INTO `permisoxlugar` (`fk_permiso`, `fk_lugar`) VALUES (12, 8);
INSERT INTO `permisoxlugar` (`fk_permiso`, `fk_lugar`) VALUES (13, 8);
INSERT INTO `permisoxlugar` (`fk_permiso`, `fk_lugar`) VALUES (10, 9);
INSERT INTO `permisoxlugar` (`fk_permiso`, `fk_lugar`) VALUES (11, 9);
INSERT INTO `permisoxlugar` (`fk_permiso`, `fk_lugar`) VALUES (17, 9);
INSERT INTO `permisoxlugar` (`fk_permiso`, `fk_lugar`) VALUES (18, 9);
INSERT INTO `permisoxlugar` (`fk_permiso`, `fk_lugar`) VALUES (19, 9);
INSERT INTO `permisoxlugar` (`fk_permiso`, `fk_lugar`) VALUES (20, 9);
INSERT INTO `permisoxlugar` (`fk_permiso`, `fk_lugar`) VALUES (21, 9);
INSERT INTO `permisoxlugar` (`fk_permiso`, `fk_lugar`) VALUES (22, 9);
INSERT INTO `permisoxlugar` (`fk_permiso`, `fk_lugar`) VALUES (23, 9);
INSERT INTO `permisoxlugar` (`fk_permiso`, `fk_lugar`) VALUES (24, 9);
INSERT INTO `permisoxlugar` (`fk_permiso`, `fk_lugar`) VALUES (13, 10);
INSERT INTO `permisoxlugar` (`fk_permiso`, `fk_lugar`) VALUES (25, 10);

INSERT INTO `permisos_diario` (`motivo`, `id_permiso`) VALUES ('Cuidado de Persona', 2);
INSERT INTO `permisos_diario` (`motivo`, `id_permiso`) VALUES ('Cuidado de Persona', 3);
INSERT INTO `permisos_diario` (`motivo`, `id_permiso`) VALUES ('Cuidado de Persona', 4);
INSERT INTO `permisos_diario` (`motivo`, `id_permiso`) VALUES ('Cuidado de Persona', 5);
INSERT INTO `permisos_diario` (`motivo`, `id_permiso`) VALUES ('Cuidado de Persona', 6);
INSERT INTO `permisos_diario` (`motivo`, `id_permiso`) VALUES ('Cuidado de Persona', 7);
INSERT INTO `permisos_diario` (`motivo`, `id_permiso`) VALUES ('Cuidado de Persona', 8);
INSERT INTO `permisos_diario` (`motivo`, `id_permiso`) VALUES ('Cuidado de Persona', 9);
INSERT INTO `permisos_diario` (`motivo`, `id_permiso`) VALUES ('Cuidado de Persona', 17);
INSERT INTO `permisos_diario` (`motivo`, `id_permiso`) VALUES ('Cuidado de Persona', 18);
INSERT INTO `permisos_diario` (`motivo`, `id_permiso`) VALUES ('Cuidado de Persona', 19);
INSERT INTO `permisos_diario` (`motivo`, `id_permiso`) VALUES ('Cuidado de Persona', 20);
INSERT INTO `permisos_diario` (`motivo`, `id_permiso`) VALUES ('Cuidado de Persona', 21);
INSERT INTO `permisos_diario` (`motivo`, `id_permiso`) VALUES ('Cuidado de Persona', 22);
INSERT INTO `permisos_diario` (`motivo`, `id_permiso`) VALUES ('Cuidado de Persona', 23);
INSERT INTO `permisos_diario` (`motivo`, `id_permiso`) VALUES ('Cuidado de Persona', 24);
INSERT INTO `permisos_diario` (`motivo`, `id_permiso`) VALUES ('Cuidado de Persona', 25);

INSERT INTO `permisos_periodo` (`cant_dias`, `vacaciones`, `id_permiso`, `id_rodado`) VALUES (5, b'0', 1, 1);
INSERT INTO `permisos_periodo` (`cant_dias`, `vacaciones`, `id_permiso`, `id_rodado`) VALUES (10, b'1', 10, 3);
INSERT INTO `permisos_periodo` (`cant_dias`, `vacaciones`, `id_permiso`, `id_rodado`) VALUES (10, b'1', 11, 3);
INSERT INTO `permisos_periodo` (`cant_dias`, `vacaciones`, `id_permiso`, `id_rodado`) VALUES (3, b'0', 12, 3);
INSERT INTO `permisos_periodo` (`cant_dias`, `vacaciones`, `id_permiso`, `id_rodado`) VALUES (3, b'0', 13, 3);
INSERT INTO `permisos_periodo` (`cant_dias`, `vacaciones`, `id_permiso`, `id_rodado`) VALUES (2, b'0', 14, 3);
INSERT INTO `permisos_periodo` (`cant_dias`, `vacaciones`, `id_permiso`, `id_rodado`) VALUES (2, b'0', 15, 3);
INSERT INTO `permisos_periodo` (`cant_dias`, `vacaciones`, `id_permiso`, `id_rodado`) VALUES (2, b'0', 16, 3);
